Question,Answer
How many years of work experience do you have using Amazon Web Services (AWS)?,0
First name,
What is your level of proficiency in eng?,Professional
"Will you now, or in the future, require sponsorship for employment visa status (e.g. H-1B visa status)?",Yes
Have you completed the following level of education: Doctor of Philosophy?,No
How many years of work experience do you have using Java?,5
How many years of work experience do you have using Blockchain?,2
How many years of work experience do you have using Solidity?,1
Please submit a resume or LinkedIn profile,5353535.pdf
How many years of work experience do you have using Hyperledger?,0
What is your level of proficiency in ita?,Native or bilingual
Have you completed the following level of education: Bachelor's Degree?,Yes
How many years of work experience do you have using MongoDB?,1
