Organization,Followed On
Ubisoft,Tue Sep 28 09:08:27 UTC 2021
Naughty Dog,Tue Sep 28 09:08:26 UTC 2021
Rockstar Games,Tue Sep 28 09:08:22 UTC 2021
Hays,Tue Sep 28 06:43:24 UTC 2021
AGS S.​p.​A.​,Mon Sep 20 12:30:05 UTC 2021
Huawei,Thu Sep 16 22:14:48 UTC 2021
JavaScript Developer,Sun Sep 12 12:16:41 UTC 2021
Ethereum,Sat Sep 11 12:36:47 UTC 2021
Google,Sat Sep 11 12:35:55 UTC 2021
Microsoft,Fri Sep 03 11:48:18 UTC 2021
Solana Labs,Mon Nov 08 16:37:24 UTC 2021
Università degli Studi di Torino,Tue Aug 17 16:03:51 UTC 2021